metric,scenario_a,scenario_b,mean_a,sd_a,n_a,mean_b,sd_b,n_b,welch_t,p_value,cohens_d
detectionLatencyMs,Node Outage,Demand Spike,3.2,3.489667287547307,10,238.9,380.6519115645918,10,-1.958002843019939,0.08190148516958415,-0.8756454914260865
detectionLatencyMs,Node Outage,Renewable Drop,3.2,3.489667287547307,10,178.3,285.469223871467,10,-1.939520637319607,0.08436454813298433,-0.8673799977620714
detectionLatencyMs,Demand Spike,Renewable Drop,238.9,380.6519115645918,10,178.3,285.469223871467,10,0.40275912614200365,0.692237158579885,0.18011935692238656
recoveryDurationMs,Node Outage,Demand Spike,12171.5,2451.388506767361,10,12273.4,2593.7883148441824,10,-0.0902900449282244,0.929057013659237,-0.04037893563020398
recoveryDurationMs,Node Outage,Renewable Drop,12171.5,2451.388506767361,10,12369.4,2766.635429542534,10,-0.16930258397579806,0.8674739050963707,-0.0757144173072502
recoveryDurationMs,Demand Spike,Renewable Drop,12273.4,2593.7883148441824,10,12369.4,2766.635429542534,10,-0.0800500207019041,0.9370844048487433,-0.035799457577944595
minStability,Node Outage,Demand Spike,92.76,0.0699205898780093,10,93.49,0.12866839377078812,10,-15.763964941396583,2.9507162451680105e-10,-7.049859440777252
minStability,Node Outage,Renewable Drop,92.76,0.0699205898780093,10,93.33999999999999,0.12649110640673397,10,-12.690254260316603,4.43398626989023e-09,-5.675254235564847
minStability,Demand Spike,Renewable Drop,93.49,0.12866839377078812,10,93.33999999999999,0.12649110640673397,10,2.6289280702665874,0.017032612075428142,1.175692374614687
